City,State,State ID,Capital,Latitude,Longitude,Primary,Secondary,2023 Est,Overall Rank,State Rank,Attribution
New York,New York,NY,NO,40.713,-74.006,,,8258035.0,1.0,1.0,Unsplash+ / gettyimages
Los Angeles,California,CA,NO,34.054,-118.243,40626A,FAD5C3,3820914.0,2.0,1.0,Unsplash / pemarroquinmtz
Chicago,Illinois,IL,NO,41.876,-87.624,00769F,F2E0D6,2664452.0,3.0,1.0,Pixabay / pexels-2286921
Houston,Texas,TX,NO,29.759,-95.368,173639,DD9474,2314157.0,4.0,1.0,Unsplash / mickeydziwulski
Phoenix,Arizona,AZ,YES,33.448,-112.074,402A2D,A7968F,1650070.0,5.0,1.0,Pixabay / aiamkay-12007603
Philadelphia,Pennsylvania,PA,NO,39.953,-75.164,,,1550542.0,6.0,1.0,Unsplash+ / gettyimages
San Antonio,Texas,TX,NO,29.425,-98.495,2E2611,DEC79D,1495295.0,7.0,2.0,Unsplash / shootnmatch
San Diego,California,CA,NO,32.717,-117.163,0F37C0,B7DDFA,1388320.0,8.0,2.0,Unsplash / bigtinybelly
Dallas,Texas,TX,NO,32.776,-96.797,6E9CB3,E3E7E6,1302868.0,9.0,3.0,Unsplash / erinhervey
Jacksonville,Florida,FL,NO,30.332,-81.656,249497,E2CCC1,985843.0,10.0,1.0,Unsplash / lance_asper
Austin,Texas,TX,YES,30.271,-97.744,B5723F,B3AEA5,979882.0,11.0,4.0,Unsplash / mjtangonan
Fort Worth,Texas,TX,NO,32.753,-97.333,1A331D,DBB07D,978468.0,12.0,5.0,Pexels / talenareese
San Jose,California,CA,NO,37.336,-121.891,4C9721,BCDCF6,969655.0,13.0,3.0,Wikimedia Commons / Tomwsulcer
Columbus,Ohio,OH,YES,39.962,-83.001,,,913175.0,14.0,1.0,Pexels / zeni3200
Charlotte,North Carolina,NC,NO,35.227,-80.843,,,911311.0,15.0,1.0,Unsplash / sickhews
Indianapolis,Indiana,IN,YES,39.768,-86.158,,,879293.0,16.0,1.0,Pexels / kelly-1179532
San Francisco,California,CA,NO,37.779,-122.419,BE4D25,CFB4AD,808988.0,17.0,4.0,Pexels / tae-fuller-331517
Seattle,Washington,WA,NO,47.604,-122.33,,,755078.0,18.0,1.0,Unsplash+ / gettyimages
Denver,Colorado,CO,YES,39.739,-104.985,646998,DAE6F2,716577.0,19.0,1.0,Unsplash / brende
Oklahoma City,Oklahoma,OK,YES,35.473,-97.517,1A292E,BDC2C5,702767.0,20.0,1.0,Unsplash / gersonrepreza
Nashville,Tennessee,TN,YES,36.162,-86.774,,,687788.0,21.0,1.0,Unsplash+ / gettyimages
Washington,District of Columbia,DC,YES,38.895,-77.037,,,678972.0,22.0,1.0,Unsplash+ / gettyimages
El Paso,Texas,TX,NO,31.76,-106.487,EEC072,EBE6E2,678958.0,23.0,6.0,Unsplash / madoctopusmedia
Las Vegas,Nevada,NV,NO,36.167,-115.148,,,660929.0,24.0,1.0,Unsplash / ryanhafey
Boston,Massachusetts,MA,YES,42.355,-71.061,1B5052,819794,653833.0,25.0,1.0,Unsplash / osmanrana
Detroit,Michigan,MI,NO,42.332,-83.047,,,633218.0,26.0,1.0,Unsplash / realafm
Portland,Oregon,OR,NO,45.52,-122.674,1E2D1F,727467,630498.0,27.0,1.0,Unsplash / blankphotographypnw
Louisville,Kentucky,KY,NO,38.254,-85.759,57727D,E8E7E2,622981.0,28.0,1.0,Pexels / zeni3200
Memphis,Tennessee,TN,NO,35.146,-90.052,1D3748,8DA4B4,618639.0,29.0,2.0,Unsplash / jcotten
Baltimore,Maryland,MD,NO,39.291,-76.611,766F98,C5A9B0,565239.0,30.0,1.0,Unsplash / theophilus318
Milwaukee,Wisconsin,WI,NO,43.039,-87.909,3B6980,F1E1D2,561385.0,31.0,1.0,Unsplash / fotowei
Albuquerque,New Mexico,NM,NO,35.084,-106.651,595D36,E1DECB,560274.0,32.0,1.0,Pixabay / lyssascott-14367714
Tucson,Arizona,AZ,NO,32.223,-110.975,3F373C,E5D4C4,547239.0,33.0,2.0,Unsplash / andrewschultz
Fresno,California,CA,NO,36.739,-119.785,705542,B0C1C8,545716.0,34.0,5.0,Unsplash / ghpvisuals
Sacramento,California,CA,YES,38.581,-121.494,25320B,F7C8A1,526384.0,35.0,6.0,Pexels / stephen-leonardi-587681991
Mesa,Arizona,AZ,NO,33.415,-111.831,7C2647,D0ACB3,511648.0,36.0,3.0,Unsplash / andrewruiz
Atlanta,Georgia,GA,YES,33.749,-84.39,,,510823.0,37.0,1.0,Unsplash+ / gettyimages
Kansas City,Missouri,MO,NO,39.1,-94.578,,,510704.0,38.0,1.0,Unsplash+ / gettyimages
Colorado Springs,Colorado,CO,NO,38.834,-104.825,22469E,F8F6FF,488664.0,39.0,2.0,Unsplash / mcnoble
Omaha,Nebraska,NE,NO,41.259,-95.938,6D8B1B,BED6DA,483335.0,40.0,1.0,Unsplash / john_matychuk
Raleigh,North Carolina,NC,YES,35.78,-78.639,1AA2F8,DFF1FB,482295.0,41.0,2.0,Pexels / curtis-adams-1694007
Miami,Florida,FL,NO,25.774,-80.194,80B4DC,FAD5E6,455924.0,42.0,2.0,Unsplash / muzammilo
Virginia Beach,Virginia,VA,NO,36.85,-75.976,77A1CB,DDC6C6,453649.0,43.0,1.0,Unsplash / dhalseth
Long Beach,California,CA,NO,33.769,-118.192,#094480,E0EDFD,449468.0,44.0,7.0,Unsplash / 24ameer
Oakland,California,CA,NO,37.804,-122.271,535831,ECE0B9,436504.0,45.0,8.0,Pexels / stephen-leonardi-587681991
Minneapolis,Minnesota,MN,NO,44.977,-93.265,88727E,D7CDCE,425115.0,46.0,1.0,Unsplash / nicolegeri
Bakersfield,California,CA,NO,35.374,-119.019,5E6A46,E5E6E1,413381.0,47.0,9.0,Unsplash / jabezimpano
Tulsa,Oklahoma,OK,NO,36.156,-95.993,2C3B40,E3E2E7,411894.0,48.0,2.0,Unsplash / jongrogan110
Tampa,Florida,FL,NO,27.948,-82.458,F4842E,EFE5D9,403364.0,49.0,3.0,Unsplash / kodycheyne
Arlington,Texas,TX,NO,32.736,-97.107,,,398431.0,50.0,7.0,
Wichita,Kansas,KS,NO,37.692,-97.338,#422E11,F4E3C6,396119.0,51.0,1.0,Unsplash / americanjael
Aurora,Colorado,CO,NO,39.741,-104.831,323936,ECE4D1,395052.0,52.0,3.0,U.S. Air Force / Airman 1st Class Joshua T. Crossman
New Orleans,Louisiana,LA,NO,29.976,-90.078,,,364136.0,53.0,1.0,Unsplash+ / gettyimages
Cleveland,Ohio,OH,NO,41.5,-81.694,4A3437,E1C19D,362656.0,54.0,2.0,Unsplash / dj_johns1
Honolulu,Hawaii,HI,YES,21.305,-157.856,45A4A8,F0D9A6,341778.0,55.0,1.0,Unsplash / zetong
Anaheim,California,CA,NO,33.835,-117.912,354D72,EDE3EC,340512.0,56.0,10.0,Pixabay / janzen_5050_creations-1694019
Henderson,Nevada,NV,NO,36.032,-114.982,4F6189,E0C4C0,337305.0,57.0,2.0,Unsplash / rywyattand
Orlando,Florida,FL,NO,28.542,-81.379,#003858,EBF3F5,320742.0,58.0,4.0,Unsplash / rocinante_11
Lexington,Kentucky,KY,NO,38.046,-84.497,5D2B12,D5B8A6,320154.0,59.0,2.0,Wikimedia Commons / ThatLexingtonKyGuy
Stockton,California,CA,NO,37.958,-121.291,6A523F,C2BAAF,319543.0,60.0,11.0,Unsplash / levimeirclancy
Riverside,California,CA,NO,33.982,-117.374,56371F,D8D3C9,318858.0,61.0,12.0,Pexels / muhammad-nadeem-2148014195
Corpus Christi,Texas,TX,NO,27.764,-97.403,4A4F6F,D3DAE4,316595.0,62.0,8.0,Unsplash / jcotten
Irvine,California,CA,NO,33.686,-117.826,,,314621.0,63.0,13.0,Unsplash / svenpiper
Cincinnati,Ohio,OH,NO,39.101,-84.512,151A1D,C66845,311097.0,64.0,3.0,Unsplash / mattkoffel_
Santa Ana,California,CA,NO,33.749,-117.873,,,310539.0,65.0,14.0,
Newark,New Jersey,NJ,NO,40.736,-74.172,3C341A,FAF4E6,304960.0,66.0,1.0,Unsplash / woomantsing
St. Paul,Minnesota,MN,YES,44.95,-93.093,9B8A9C,DCD7C1,303820.0,67.0,2.0,Pexels / monkeytactics
Pittsburgh,Pennsylvania,PA,NO,40.442,-79.99,,,303255.0,68.0,2.0,Unsplash+ / gettyimages
Greensboro,North Carolina,NC,NO,36.073,-79.792,1E2E3E,DEBBA0,302296.0,69.0,3.0,Unsplash / elijahjmears
Durham,North Carolina,NC,NO,35.997,-78.902,,,296186.0,70.0,4.0,Library of Congress / Carol M. Highsmith
Lincoln,Nebraska,NE,YES,40.809,-96.708,25A3CA,FCF1DB,294757.0,71.0,2.0,Unsplash / planner1963
Jersey City,New Jersey,NJ,NO,40.722,-74.047,61808D,F3F5E7,291657.0,72.0,2.0,Unsplash / giisilveira
Plano,Texas,TX,NO,33.014,-96.693,474460,FCDFCD,290190.0,73.0,9.0,Unsplash / dimitristse
Anchorage,Alaska,AK,NO,61.216,-149.895,,,286075.0,74.0,1.0,Unsplash / yuhandu
North Las Vegas,Nevada,NV,NO,36.201,-115.122,714F4D,FEF6EA,284771.0,75.0,3.0,Unsplash / nicolegeri
St. Louis,Missouri,MO,NO,38.628,-90.191,C67E73,F2F1ED,281754.0,76.0,2.0,Unsplash / tcade
Madison,Wisconsin,WI,YES,43.075,-89.384,,,280305.0,77.0,2.0,Unsplash / nhuenerfuerst
Chandler,Arizona,AZ,NO,33.306,-111.841,403B35,DAD7C6,280167.0,78.0,4.0,Unsplash / emilydillvance
Gilbert,Arizona,AZ,NO,33.353,-111.789,392112,FEF4EB,275411.0,79.0,5.0,Flickr / ksblack99
Reno,Nevada,NV,NO,39.526,-119.813,,,274915.0,80.0,4.0,Unsplash / mannyb
Buffalo,New York,NY,NO,42.887,-78.878,94C8F7,F3F4F9,274678.0,81.0,2.0,Unsplash / auntcake49
Chula Vista,California,CA,NO,32.64,-117.084,7C7085,F2D2CB,274333.0,82.0,15.0,Unsplash / tgerz
Fort Wayne,Indiana,IN,NO,41.08,-85.139,2A3A61,FDF6EC,269994.0,83.0,2.0,Pexels / matt-thomas-1628058
Lubbock,Texas,TX,NO,33.586,-101.847,9B1732,FEFDFC,266878.0,84.0,10.0,Wikimedia Commons / Noah Puente
Toledo,Ohio,OH,NO,41.653,-83.538,303948,F2FDFB,265304.0,85.0,4.0,Unsplash / leonardoescala
St. Petersburg,Florida,FL,NO,27.77,-82.636,C3B689,D1EAFE,263553.0,86.0,5.0,Unsplash / ela108
Laredo,Texas,TX,NO,27.508,-99.507,323615,D0C7BE,257602.0,87.0,11.0,U.S. Customs and Border Control / Donna Burton
Irving,Texas,TX,NO,32.83,-96.944,,,254373.0,88.0,12.0,Unsplash / danieljerez
Chesapeake,Virginia,VA,NO,36.717,-76.249,,,253886.0,89.0,2.0,
Glendale,Arizona,AZ,NO,33.539,-112.186,,,253855.0,90.0,6.0,Unsplash / aviosly
Winston-Salem,North Carolina,NC,NO,36.1,-80.244,2E421C,E4DDD6,252975.0,91.0,5.0,Pexels / lamont-mead-1587808281
Port St. Lucie,Florida,FL,NO,27.294,-80.35,,,245021.0,92.0,6.0,
Scottsdale,Arizona,AZ,NO,33.494,-111.926,,,244394.0,93.0,7.0,Library of Congress / Carol M. Highsmith
Garland,Texas,TX,NO,32.913,-96.639,,,243470.0,94.0,13.0,Unsplash / txprphan85
Boise,Idaho,ID,YES,43.617,-116.201,,,235421.0,95.0,1.0,Unsplash / ishotthisphoto
Norfolk,Virginia,VA,NO,36.849,-76.29,,,230930.0,96.0,3.0,Pixabay / bruceemmerling-93533
Spokane,Washington,WA,NO,47.657,-117.424,,,229447.0,97.0,2.0,Pexels / kelly-1179532
Richmond,Virginia,VA,YES,37.539,-77.434,25346C,EDEBED,229247.0,98.0,4.0,Unsplash / stephenpoore804
Fremont,California,CA,NO,37.548,-121.989,,,226208.0,99.0,16.0,Unsplash / hvkale
Huntsville,Alabama,AL,NO,34.73,-86.586,,,225564.0,100.0,1.0,Library of Congress / Carol M. Highsmith
Baton Rouge,Louisiana,LA,YES,30.449,-91.187,854800,EDC78E,219573.0,107.0,2.0,Unsplash / captoprisko
Des Moines,Iowa,IA,YES,41.587,-93.625,1D2C33,A9B8BF,210381.0,112.0,1.0,Unsplash / kjkempt17
Salt Lake City,Utah,UT,YES,40.76,-111.887,C57449,FEE0BA,209593.0,114.0,1.0,Unsplash / itsmesaul
Worcester,Massachusetts,MA,NO,42.263,-71.802,,,207621.0,116.0,2.0,Wikimedia Commons / Anthonyt31201
Sioux Falls,South Dakota,SD,NO,43.548,-96.729,,,206410.0,118.0,1.0,Wikimedia Commons / Maxpower2727
Little Rock,Arkansas,AR,YES,34.747,-92.29,48462F,F5F4E2,203842.0,119.0,1.0,Unsplash / rocinante_11
Tallahassee,Florida,FL,YES,30.438,-84.281,,,202221.0,121.0,9.0,Library of Congress / Carol M. Highsmith
Columbus,Georgia,GA,NO,32.461,-84.988,,,201877.0,123.0,2.0,Unsplash / jcolesstudio
Montgomery,Alabama,AL,YES,32.377,-86.309,,,195287.0,132.0,3.0,Library of Congress / Carol M. Highsmith
Providence,Rhode Island,RI,YES,41.824,-71.413,45443E,E9EEEE,190792.0,134.0,1.0,Unsplash / shonar
Salem,Oregon,OR,YES,44.939,-123.033,37371F,FAEFD5,177432.0,150.0,3.0,Unsplash / dmey503
Charleston,South Carolina,SC,NO,32.788,-79.94,,,155369.0,171.0,1.0,Unsplash+ / gettyimages
Bridgeport,Connecticut,CT,NO,41.179,-73.189,2F649C,BFDCEE,148028.0,181.0,1.0,Unsplash / mjmolo
Jackson,Mississippi,MS,YES,32.3,-90.183,,,143709.0,194.0,1.0,Library of Congress / Carol M. Highsmith
Columbia,South Carolina,SC,YES,34.001,-81.035,,,142416.0,195.0,2.0,Library of Congress / Carol M. Highsmith
Cedar Rapids,Iowa,IA,NO,41.976,-91.67,606A59,F1EEE5,135958.0,205.0,2.0,Iowa National Guard / Tech. Sgt. Linda K. Burger
Meridian,Idaho,ID,NO,43.609,-116.392,2D575C,D4CCBD,134801.0,211.0,2.0,Unsplash / churchmediamike
West Valley City,Utah,UT,NO,40.697,-111.987,838196,FAFAF6,134470.0,212.0,2.0,Pexels / nc-farm-bureau-mark
Fargo,North Dakota,ND,NO,46.877,-96.79,,,133188.0,217.0,1.0,
Topeka,Kansas,KS,YES,39.049,-95.678,77695F,F5EED9,125475.0,227.0,5.0,Unsplash / nhuenerfuerst
Billings,Montana,MT,NO,45.787,-108.496,,,120864.0,242.0,1.0,Unsplash / tvannoy
Hartford,Connecticut,CT,YES,41.765,-72.691,1E2F36,EDE1DB,119669.0,244.0,4.0,Unsplash / balazsbusznyak
Manchester,New Hampshire,NH,NO,42.996,-71.455,5C2F44,F4F5FA,115474.0,255.0,1.0,Wikimedia Commons / Mike Spenard
Springfield,Illinois,IL,YES,39.799,-89.644,87ABDD,F6F6F5,112544.0,270.0,7.0,Unsplash / drewjayadams
Lansing,Michigan,MI,YES,42.734,-84.555,#045351,EEEDEB,112115.0,272.0,6.0,Pixabay / jasongillman-1088827
Fayetteville,Arkansas,AR,NO,36.063,-94.157,11161B,DA9EA9,101680.0,323.0,2.0,Wikimedia Commons / Brandonrush
Albany,New York,NY,YES,42.651,-73.755,,,101228.0,328.0,6.0,Library of Congress / Carol M. Highsmith
Trenton,New Jersey,NJ,YES,40.22,-74.766,6F6856,ECE9E0,89620.0,387.0,5.0,Wikimedia Commons / Smallbones
Santa Fe,New Mexico,NM,YES,35.688,-105.938,,,89167.0,390.0,4.0,Unsplash+ / joshhild
Warwick,Rhode Island,RI,NO,41.699,-71.459,00386F,F4DDBD,82999.0,427.0,2.0,Unsplash / thomaswerneken
Bismarck,North Dakota,ND,YES,46.808,-100.784,,,75092.0,497.0,2.0,Library of Congress / Carol M. Highsmith
Gulfport,Mississippi,MS,NO,30.367,-89.093,,,72823.0,517.0,2.0,Library of Congress / Carol M. Highsmith
Wilmington,Delaware,DE,NO,39.746,-75.547,ECC94D,297FB7,71675.0,525.0,1.0,Pexels / alevision2020
Portland,Maine,ME,NO,43.657,-70.259,7B3724,C9DCEA,69104.0,551.0,1.0,Pexels / skyler-ewing-266953
Cheyenne,Wyoming,WY,YES,41.14,-104.82,D2964D,D3CFBD,65168.0,590.0,1.0,Unsplash / pete_a
Casper,Wyoming,WY,NO,42.85,-106.325,764347,B8AEB4,58720.0,672.0,2.0,Wikimedia Commons / Adbay
Carson City,Nevada,NV,YES,39.166,-119.767,,,58036.0,687.0,6.0,Library of Congress / Carol M. Highsmith
Olympia,Washington,WA,YES,47.045,-122.895,314B32,DBCDC4,55733.0,723.0,24.0,Unsplash / nhuenerfuerst
Harrisburg,Pennsylvania,PA,YES,40.266,-76.886,,,50012.0,801.0,9.0,Library of Congress / Carol M. Highsmith
Hilo,Hawaii,HI,NO,19.707,-155.082,,,48223.0,838.0,2.0,Unsplash / smerk23
Charleston,West Virginia,WV,YES,38.351,-81.633,,,46838.0,863.0,1.0,Library of Congress / Carol M. Highsmith
Huntington,West Virginia,WV,NO,38.419,-82.445,46581C,EFEEEA,45325.0,886.0,2.0,Library of Congress / Carol M. Highsmith
Concord,New Hampshire,NH,YES,43.207,-71.537,2C2E0A,8CBABF,44629.0,903.0,3.0,Unsplash / nh_landscapes
Burlington,Vermont,VT,NO,44.476,-73.213,005F26,E9EAE2,44528.0,905.0,1.0,Pixabay / michelle_pitzel-165491
Jefferson City,Missouri,MO,YES,38.577,-92.172,2E3E56,CFD6DE,42552.0,952.0,16.0,Wikimedia Commons / KTrimble
Annapolis,Maryland,MD,YES,38.979,-76.493,4B709A,E8E9E3,40552.0,991.0,7.0,Library of Congress / Carol M. Highsmith
Dover,Delaware,DE,YES,39.158,-75.524,34261E,F5F5F5,39894.0,1012.0,2.0,Wikimedia Commons / Joshua Daniel Franklin
Helena,Montana,MT,YES,46.593,-112.036,,,34464.0,1175.0,6.0,Unsplash / steven3466
Juneau,Alaska,AK,YES,58.302,-134.42,,,31555.0,1281.0,3.0,Library of Congress / Carol M. Highsmith
Frankfort,Kentucky,KY,YES,38.201,-84.873,,,28285.0,1389.0,14.0,Library of Congress / Carol M. Highsmith
Augusta,Maine,ME,YES,44.317,-69.773,8A9787,F2F2F4,19102.0,1902.0,13.0,Wikimedia Commons / Dvitalo12
Pierre,South Dakota,SD,YES,44.368,-100.351,,,13880.0,1905.0,9.0,Library of Congress / Carol M. Highsmith
Montpelier,Vermont,VT,YES,44.26,-72.575,,,7991.0,1906.0,17.0,Library of Congress / Carol M. Highsmith
