City,State,State ID,Capital,2023 Est,Overall Rank,State Rank,Latitude,Longitude,Jan,Feb,Mar,Apr,May,Jun,Jul,Aug,Sep,Oct,Nov,Dec
New York,New York,NY,NO,8258035,1,1,40.713,-74.006,34,35,43,51,60,71,77,75,68,58,47,38
Los Angeles,California,CA,NO,3820914,2,1,34.054,-118.243,54,55,56,61,64,68,72,74,73,68,60,55
Chicago,Illinois,IL,NO,2664452,3,1,41.876,-87.624,27,28,39,48,59,70,73,73,67,55,43,34
Houston,Texas,TX,NO,2314157,4,1,29.759,-95.368,55,56,65,69,76,82,83,84,79,72,63,59
Phoenix,Arizona,AZ,YES,1650070,5,1,33.448,-112.074,53,56,62,74,84,93,97,94,90,78,64,56
Philadelphia,Pennsylvania,PA,NO,1550542,6,1,39.953,-75.164,36,38,46,54,63,73,79,77,69,59,48,39
San Antonio,Texas,TX,NO,1495295,7,2,29.425,-98.495,54,55,66,71,77,84,86,87,82,74,63,58
San Diego,California,CA,NO,1388320,8,2,32.717,-117.163,54,55,56,60,62,66,69,71,71,66,60,56
Dallas,Texas,TX,NO,1302868,9,3,32.776,-96.797,47,49,60,66,74,82,86,88,80,70,58,53
Jacksonville,Florida,FL,NO,985843,10,1,30.332,-81.656,56,60,66,69,75,80,82,81,78,71,65,58
Austin,Texas,TX,YES,979882,11,4,30.271,-97.744,52,53,64,69,76,83,85,87,81,73,62,57
Fort Worth,Texas,TX,NO,978468,12,5,32.753,-97.333,48,49,61,66,74,83,87,88,80,71,58,53
San Jose,California,CA,NO,969655,13,3,37.336,-121.891,50,51,53,57,62,67,69,70,68,65,55,51
Columbus,Ohio,OH,YES,913175,14,1,39.962,-83.001,32,34,44,51,62,72,75,74,68,56,44,37
Charlotte,North Carolina,NC,NO,911311,15,1,35.227,-80.843,43,47,54,61,68,76,79,77,71,62,53,45
Indianapolis,Indiana,IN,YES,879293,16,1,39.768,-86.158,32,34,45,52,63,73,76,74,69,57,45,37
San Francisco,California,CA,NO,808988,17,4,37.779,-122.419,51,51,52,54,57,59,59,62,62,61,55,51
Seattle,Washington,WA,NO,755078,18,1,47.604,-122.33,41,41,43,48,55,60,66,66,61,53,45,42
Denver,Colorado,CO,YES,716577,19,1,39.739,-104.985,27,25,36,46,56,69,75,74,66,52,38,33
Oklahoma City,Oklahoma,OK,YES,702767,20,1,35.473,-97.517,40,41,54,60,69,80,84,83,76,65,52,45
Nashville,Tennessee,TN,YES,687788,21,1,36.162,-86.774,40,44,53,58,68,76,79,77,72,62,51,45
Washington,District of Columbia,DC,YES,678972,22,1,38.895,-77.037,38,41,48,56,64,74,79,77,70,60,49,41
El Paso,Texas,TX,NO,678958,23,6,31.76,-106.487,46,50,58,68,78,86,87,84,78,68,56,49
Las Vegas,Nevada,NV,NO,660929,24,1,36.167,-115.148,48,51,57,69,79,89,96,92,85,72,57,49
Boston,Massachusetts,MA,YES,653833,25,1,42.355,-71.061,31,32,40,47,59,69,75,73,65,56,45,36
Detroit,Michigan,MI,NO,633218,26,1,42.332,-83.047,28,29,39,48,60,71,74,72,66,55,43,35
Portland,Oregon,OR,NO,630498,27,1,45.52,-122.674,42,41,45,49,57,63,71,71,66,55,45,42
Louisville,Kentucky,KY,NO,622981,28,1,38.254,-85.759,36,39,49,55,66,74,78,76,70,60,48,41
Memphis,Tennessee,TN,NO,618639,29,2,35.146,-90.052,42,45,55,61,71,78,82,80,74,65,54,48
Baltimore,Maryland,MD,NO,565239,30,1,39.291,-76.611,37,39,47,55,63,73,79,76,70,59,49,40
Milwaukee,Wisconsin,WI,NO,561385,31,1,43.039,-87.909,25,27,37,46,57,69,73,72,66,54,42,32
Albuquerque,New Mexico,NM,NO,560274,32,1,35.084,-106.651,36,39,48,59,70,79,82,80,73,61,47,39
Tucson,Arizona,AZ,NO,547239,33,2,32.223,-110.975,51,55,60,71,80,89,91,88,85,75,62,55
Fresno,California,CA,NO,545716,34,5,36.739,-119.785,47,50,54,62,72,81,89,87,80,69,53,48
Sacramento,California,CA,YES,526384,35,6,38.581,-121.494,48,50,53,60,68,74,78,78,74,66,52,47
Mesa,Arizona,AZ,NO,511648,36,3,33.415,-111.831,53,56,61,74,83,92,96,94,89,78,64,56
Atlanta,Georgia,GA,YES,510823,37,1,33.749,-84.39,44,49,56,60,68,76,78,77,72,63,54,47
Kansas City,Missouri,MO,NO,510704,38,1,39.1,-94.578,31,34,46,54,65,77,79,78,71,59,46,37
Colorado Springs,Colorado,CO,NO,488664,39,2,38.834,-104.825,28,27,37,46,56,68,72,72,65,52,38,32
Omaha,Nebraska,NE,NO,483335,40,1,41.259,-95.938,25,29,42,52,63,76,77,76,70,56,43,31
Raleigh,North Carolina,NC,YES,482295,41,2,35.78,-78.639,43,47,55,61,68,76,80,78,71,62,53,46
Miami,Florida,FL,NO,455924,42,2,25.774,-80.194,69,71,74,76,79,80,83,83,81,79,75,71
Virginia Beach,Virginia,VA,NO,453649,43,1,36.85,-75.976,44,46,52,59,65,74,80,78,73,64,55,47
Long Beach,California,CA,NO,449468,44,7,33.769,-118.192,54,55,56,60,63,66,69,71,70,66,60,56
Oakland,California,CA,NO,436504,45,8,37.804,-122.271,51,51,52,54,57,59,60,62,62,61,55,51
Minneapolis,Minnesota,MN,NO,425115,46,1,44.977,-93.265,17,18,33,43,59,72,73,71,65,51,36,24
Bakersfield,California,CA,NO,413381,47,9,35.374,-119.019,50,53,57,66,75,84,92,89,83,72,56,50
Tulsa,Oklahoma,OK,NO,411894,48,2,36.156,-95.993,38,41,53,60,69,79,83,82,75,64,52,44
Tampa,Florida,FL,NO,403364,49,3,27.948,-82.458,61,65,70,73,78,81,82,82,79,75,69,63
Arlington,Texas,TX,NO,398431,50,7,32.736,-97.107,47,48,60,66,74,82,86,87,79,70,58,53
Wichita,Kansas,KS,NO,396119,51,1,37.692,-97.338,34,36,49,58,66,78,81,81,74,61,48,40
Aurora,Colorado,CO,NO,395052,52,3,39.741,-104.831,29,29,38,48,58,71,76,75,68,54,41,35
New Orleans,Louisiana,LA,NO,364136,53,1,29.976,-90.078,55,58,65,70,77,81,82,83,79,72,64,59
Cleveland,Ohio,OH,NO,362656,54,2,41.5,-81.694,31,32,40,48,59,69,73,72,67,57,46,37
Honolulu,Hawaii,HI,YES,341778,55,1,21.305,-157.856,74,73,73,75,76,78,79,79,79,79,77,75
Anaheim,California,CA,NO,340512,56,10,33.835,-117.912,56,57,57,61,64,69,72,74,73,68,62,57
Henderson,Nevada,NV,NO,337305,57,2,36.032,-114.982,48,52,58,70,80,90,97,93,86,73,57,50
Orlando,Florida,FL,NO,320742,58,4,28.542,-81.379,61,65,70,72,77,79,81,81,78,74,68,62
Lexington,Kentucky,KY,NO,320154,59,2,38.046,-84.497,35,39,48,54,64,73,76,75,69,58,47,40
Stockton,California,CA,NO,319543,60,11,37.958,-121.291,48,50,54,60,68,75,79,79,75,68,53,48
Riverside,California,CA,NO,318858,61,12,33.982,-117.374,53,54,55,62,66,72,78,79,76,69,60,55
Corpus Christi,Texas,TX,NO,316595,62,8,27.764,-97.403,60,59,68,73,79,83,84,85,82,76,68,64
Irvine,California,CA,NO,314621,63,13,33.686,-117.826,56,57,57,61,64,68,71,73,72,68,62,57
Cincinnati,Ohio,OH,NO,311097,64,3,39.101,-84.512,34,37,47,54,64,74,77,75,70,59,47,39
Santa Ana,California,CA,NO,310539,65,14,33.749,-117.873,56,57,57,61,64,68,71,73,72,68,62,57
Newark,New Jersey,NJ,NO,304960,66,1,40.736,-74.172,35,35,43,51,61,71,78,75,68,58,47,38
St. Paul,Minnesota,MN,YES,303820,67,2,44.95,-93.093,18,19,34,44,60,72,74,72,65,51,37,25
Pittsburgh,Pennsylvania,PA,NO,303255,68,2,40.442,-79.99,33,35,44,51,61,71,75,73,67,56,45,37
Greensboro,North Carolina,NC,NO,302296,69,3,36.073,-79.792,41,44,52,60,67,75,79,77,70,61,51,43
Durham,North Carolina,NC,NO,296186,70,4,35.997,-78.902,42,46,54,61,68,75,80,77,71,62,52,45
Lincoln,Nebraska,NE,YES,294757,71,2,40.809,-96.708,27,30,43,53,64,77,78,77,71,57,44,33
Jersey City,New Jersey,NJ,NO,291657,72,2,40.722,-74.047,35,36,43,51,61,71,77,75,68,58,47,38
Plano,Texas,TX,NO,290190,73,9,33.014,-96.693,46,48,59,65,73,81,85,86,79,69,57,52
Anchorage,Alaska,AK,NO,286075,74,1,61.216,-149.895,17,20,25,34,47,56,58,57,49,36,22,19
North Las Vegas,Nevada,NV,NO,284771,75,3,36.201,-115.122,48,52,58,70,79,90,96,92,86,73,57,49
St. Louis,Missouri,MO,NO,281754,76,2,38.628,-90.191,33,36,48,55,66,76,79,77,71,59,47,39
Madison,Wisconsin,WI,YES,280305,77,2,43.075,-89.384,22,23,36,46,59,70,73,72,65,52,40,29
Chandler,Arizona,AZ,NO,280167,78,4,33.306,-111.841,51,55,61,72,82,92,96,93,88,76,62,54
Gilbert,Arizona,AZ,NO,275411,79,5,33.353,-111.789,52,56,61,73,82,92,96,93,89,77,63,55
Reno,Nevada,NV,NO,274915,80,4,39.526,-119.813,36,37,41,50,60,70,79,76,69,57,41,36
Buffalo,New York,NY,NO,274678,81,2,42.887,-78.878,29,29,38,45,57,67,72,71,65,54,43,35
Chula Vista,California,CA,NO,274333,82,15,32.64,-117.084,55,55,56,60,62,66,69,71,70,67,60,56
Fort Wayne,Indiana,IN,NO,269994,83,2,41.08,-85.139,29,30,42,49,61,72,75,73,67,55,43,35
Lubbock,Texas,TX,NO,266878,84,10,33.586,-101.847,41,43,55,62,72,80,84,83,75,65,52,47
Toledo,Ohio,OH,NO,265304,85,4,41.653,-83.538,30,30,41,49,61,72,75,74,67,56,44,36
St. Petersburg,Florida,FL,NO,263553,86,5,27.77,-82.636,62,65,70,74,78,81,84,83,80,76,70,64
Laredo,Texas,TX,NO,257602,87,11,27.508,-99.507,60,62,72,77,83,87,89,89,84,78,68,63
Irving,Texas,TX,NO,254373,88,12,32.83,-96.944,47,49,60,66,74,82,87,88,80,70,58,53
Chesapeake,Virginia,VA,NO,253886,89,2,36.717,-76.249,43,46,53,59,66,74,80,78,72,63,54,46
Glendale,Arizona,AZ,NO,253855,90,6,33.539,-112.186,53,56,62,74,83,92,97,94,89,77,64,56
Winston-Salem,North Carolina,NC,NO,252975,91,5,36.1,-80.244,40,44,52,59,66,74,79,76,69,60,51,43
Port St. Lucie,Florida,FL,NO,245021,92,6,27.294,-80.35,65,69,73,74,78,80,82,82,80,77,73,67
Scottsdale,Arizona,AZ,NO,244394,93,7,33.494,-111.926,53,56,61,74,83,92,96,94,89,78,64,56
Garland,Texas,TX,NO,243470,94,13,32.913,-96.639,47,48,59,65,73,82,85,86,79,69,58,52
Boise,Idaho,ID,YES,235421,95,1,43.617,-116.201,32,35,42,49,59,69,82,78,69,55,39,33
Norfolk,Virginia,VA,NO,230930,96,3,36.849,-76.29,44,46,53,59,66,74,80,78,73,63,54,47
Spokane,Washington,WA,NO,229447,97,2,47.657,-117.424,31,33,39,47,57,66,77,74,65,50,36,30
Richmond,Virginia,VA,YES,229247,98,4,37.539,-77.434,41,44,51,59,66,75,80,77,71,61,51,43
Fremont,California,CA,NO,226208,99,16,37.548,-121.989,50,51,52,55,59,63,65,66,65,63,54,50
Huntsville,Alabama,AL,NO,225564,100,1,34.73,-86.586,43,47,55,59,69,77,80,78,73,63,53,47
Baton Rouge,Louisiana,LA,YES,219573,107,2,30.449,-91.187,53,56,64,68,76,81,82,83,78,71,62,57
Des Moines,Iowa,IA,YES,210381,112,1,41.587,-93.625,23,27,41,51,63,75,76,76,69,56,42,31
Salt Lake City,Utah,UT,YES,209593,114,1,40.76,-111.887,31,32,40,48,59,72,83,78,69,54,39,31
Worcester,Massachusetts,MA,NO,207621,116,2,42.263,-71.802,30,31,38,47,58,68,74,72,64,54,43,34
Sioux Falls,South Dakota,SD,NO,206410,118,1,43.548,-96.729,19,23,35,46,60,73,75,73,67,52,38,26
Little Rock,Arkansas,AR,YES,203842,119,1,34.747,-92.29,42,45,55,61,70,79,82,81,75,65,53,48
Tallahassee,Florida,FL,YES,202221,121,9,30.438,-84.281,53,57,64,67,74,79,80,80,76,69,62,55
Columbus,Georgia,GA,NO,201877,123,2,32.461,-84.988,49,54,61,65,73,80,82,82,76,67,58,51
Montgomery,Alabama,AL,YES,195287,132,3,32.377,-86.309,49,54,61,65,73,80,82,82,77,67,59,52
Providence,Rhode Island,RI,YES,190792,134,1,41.824,-71.413,33,34,41,48,59,69,75,73,66,57,46,37
Salem,Oregon,OR,YES,177432,150,3,44.939,-123.033,42,41,44,49,56,63,71,70,65,55,45,41
Charleston,South Carolina,SC,NO,155369,171,1,32.788,-79.94,51,54,61,65,72,78,81,80,75,67,60,53
Bridgeport,Connecticut,CT,NO,148028,181,1,41.179,-73.189,34,35,42,49,59,69,75,74,67,58,47,38
Jackson,Mississippi,MS,YES,143709,194,1,32.3,-90.183,48,51,60,64,72,79,81,81,76,67,57,52
Columbia,South Carolina,SC,YES,142416,195,2,34.001,-81.035,47,51,58,64,71,77,81,79,73,65,56,49
Cedar Rapids,Iowa,IA,NO,135958,205,2,41.976,-91.67,22,25,40,49,62,73,75,74,67,55,41,30
Meridian,Idaho,ID,NO,134801,211,2,43.609,-116.392,32,34,42,50,59,70,82,79,69,54,38,32
West Valley City,Utah,UT,NO,134470,212,2,40.697,-111.987,32,33,41,49,60,73,83,79,70,56,40,33
Fargo,North Dakota,ND,NO,133188,217,1,46.877,-96.79,14,15,28,40,58,71,74,71,64,48,32,20
Topeka,Kansas,KS,YES,125475,227,5,39.049,-95.678,31,34,47,56,65,77,79,79,72,60,47,37
Billings,Montana,MT,NO,120864,242,1,45.787,-108.496,29,26,36,44,56,68,77,75,67,50,38,30
Hartford,Connecticut,CT,YES,119669,244,4,41.765,-72.691,32,33,41,49,60,70,75,73,66,56,44,36
Manchester,New Hampshire,NH,NO,115474,255,1,42.996,-71.455,28,28,37,46,58,69,73,71,64,53,42,33
Springfield,Illinois,IL,YES,112544,270,7,39.799,-89.644,30,32,45,53,64,74,76,75,69,57,45,37
Lansing,Michigan,MI,YES,112115,272,6,42.734,-84.555,27,27,38,47,59,70,73,71,65,53,41,33
Fayetteville,Arkansas,AR,NO,101680,323,2,36.063,-94.157,37,41,51,57,66,76,79,78,72,62,50,44
Albany,New York,NY,YES,101228,328,6,42.651,-73.755,29,30,39,48,60,69,75,72,65,54,42,33
Trenton,New Jersey,NJ,YES,89620,387,5,40.22,-74.766,35,37,45,52,62,73,78,76,68,59,47,39
Santa Fe,New Mexico,NM,YES,89167,390,4,35.688,-105.938,29,31,40,51,61,70,73,72,66,54,40,34
Warwick,Rhode Island,RI,NO,82999,427,2,41.699,-71.459,33,34,41,49,59,69,75,73,66,57,46,37
Bismarck,North Dakota,ND,YES,75092,497,2,46.808,-100.784,17,19,29,39,56,69,73,71,64,47,31,21
Gulfport,Mississippi,MS,NO,72823,517,2,30.367,-89.093,54,56,64,68,76,81,82,83,79,72,64,57
Wilmington,Delaware,DE,NO,71675,525,1,39.746,-75.547,36,38,46,54,63,73,78,76,69,59,48,39
Portland,Maine,ME,NO,69104,551,1,43.657,-70.259,27,28,36,44,56,65,71,70,63,53,42,33
Cheyenne,Wyoming,WY,YES,65168,590,1,41.14,-104.82,27,26,34,42,53,66,72,71,64,49,38,32
Casper,Wyoming,WY,NO,58720,672,2,42.85,-106.325,25,23,33,40,53,68,76,74,65,48,37,31
Carson City,Nevada,NV,YES,58036,687,6,39.166,-119.767,34,35,38,48,58,69,78,75,68,56,40,35
Olympia,Washington,WA,YES,55733,723,24,47.045,-122.895,42,41,44,48,55,61,67,67,62,53,45,42
Harrisburg,Pennsylvania,PA,YES,50012,801,9,40.266,-76.886,34,36,44,52,62,72,78,75,67,57,46,37
Hilo,Hawaii,HI,NO,48223,838,2,19.707,-155.082,71,70,71,72,73,74,75,75,76,75,73,72
Charleston,West Virginia,WV,YES,46838,863,1,38.351,-81.633,37,41,49,55,64,72,77,75,69,59,49,42
Huntington,West Virginia,WV,NO,45325,886,2,38.419,-82.445,36,40,49,55,64,73,78,76,69,59,48,41
Concord,New Hampshire,NH,YES,44629,903,3,43.207,-71.537,26,27,36,45,59,69,73,71,63,53,41,32
Burlington,Vermont,VT,NO,44528,905,1,44.476,-73.213,24,25,34,44,58,67,72,70,63,53,41,31
Jefferson City,Missouri,MO,YES,42552,952,16,38.577,-92.172,33,36,48,55,65,76,79,77,71,59,48,40
Annapolis,Maryland,MD,YES,40552,991,7,38.979,-76.493,38,40,48,55,63,73,78,76,70,60,49,41
Dover,Delaware,DE,YES,39894,1012,2,39.158,-75.524,38,40,47,55,63,73,79,77,70,60,50,41
Helena,Montana,MT,YES,34464,1175,6,46.593,-112.036,25,24,32,40,52,62,72,69,60,46,32,27
Juneau,Alaska,AK,YES,31555,1281,3,58.302,-134.42,28,29,32,39,47,56,59,59,52,43,32,29
Frankfort,Kentucky,KY,YES,28285,1389,14,38.201,-84.873,36,40,49,55,65,74,77,76,70,59,48,41
Augusta,Maine,ME,YES,19102,1902,13,44.317,-69.773,25,25,34,44,56,66,71,70,63,52,40,30
Pierre,South Dakota,SD,YES,13880,1905,9,44.368,-100.351,23,25,36,45,60,75,79,77,69,52,38,27
Montpelier,Vermont,VT,YES,7991,1906,17,44.26,-72.575,22,24,33,44,57,66,70,68,61,50,38,29
