City,State,State ID,Latitude,Longitude,2023 Est
Honolulu,Hawaii,HI,21.304547,-157.855676,341778
Hilo,Hawaii,HI,19.7073734,-155.08158,48223
Pearl City,Hawaii,HI,21.4001231,-157.969428,45079
Waipahu,Hawaii,HI,21.3866667,-158.009166,39871
Kailua,Hawaii,HI,19.641941,-155.996933,39762
Kaneohe,Hawaii,HI,21.418555,-157.804184,35945
Mililani,Hawaii,HI,21.4508308,-158.0095783,27495
Kahului,Hawaii,HI,20.8894101,-156.4727118,27068
Ewa Gentry,Hawaii,HI,21.3365619,-158.0271554,26738
Kapolei,Hawaii,HI,21.3340079,-158.077849,23033
Kihei,Hawaii,HI,20.7476261,-156.4549898,22564
Mililani Mauka,Hawaii,HI,21.4726679,-157.998437,21967
Kailua,Hawaii,HI,19.641941,-155.996933,21851
Makakilo,Hawaii,HI,21.3469444,-158.0858333,20372