City,State,State ID,Latitude,Longitude,Primary,Secondary
New York,New York,NY,40.713,-74.006,,
Los Angeles,California,CA,34.054,-118.243,40626A,FAD5C3
Chicago,Illinois,IL,41.876,-87.624,00769F,F2E0D6
Houston,Texas,TX,29.759,-95.368,173639,DD9474
Phoenix,Arizona,AZ,33.448,-112.074,402A2D,A7968F
Philadelphia,Pennsylvania,PA,39.953,-75.164,,
San Antonio,Texas,TX,29.425,-98.495,2E2611,DEC79D
San Diego,California,CA,32.717,-117.163,0F37C0,B7DDFA
Dallas,Texas,TX,32.776,-96.797,6E9CB3,E3E7E6
Jacksonville,Florida,FL,30.332,-81.656,249497,E2CCC1
Austin,Texas,TX,30.271,-97.744,B5723F,B3AEA5
Fort Worth,Texas,TX,32.753,-97.333,1A331D,DBB07D
San Jose,California,CA,37.336,-121.891,4C9721,BCDCF6
Columbus,Ohio,OH,39.962,-83.001,,
Charlotte,North Carolina,NC,35.227,-80.843,,
Indianapolis,Indiana,IN,39.768,-86.158,,
San Francisco,California,CA,37.779,-122.419,BE4D25,CFB4AD
Seattle,Washington,WA,47.604,-122.33,,
Denver,Colorado,CO,39.739,-104.985,646998,DAE6F2
Oklahoma City,Oklahoma,OK,35.473,-97.517,1A292E,BDC2C5
Nashville,Tennessee,TN,36.162,-86.774,,
Washington,District of Columbia,DC,38.895,-77.037,,
El Paso,Texas,TX,31.76,-106.487,EEC072,EBE6E2
Las Vegas,Nevada,NV,36.167,-115.148,,
Boston,Massachusetts,MA,42.355,-71.061,1B5052,819794
Detroit,Michigan,MI,42.332,-83.047,,
Portland,Oregon,OR,45.52,-122.674,1E2D1F,727467
Louisville,Kentucky,KY,38.254,-85.759,57727D,E8E7E2
Memphis,Tennessee,TN,35.146,-90.052,1D3748,8DA4B4
Baltimore,Maryland,MD,39.291,-76.611,766F98,C5A9B0
Milwaukee,Wisconsin,WI,43.039,-87.909,3B6980,F1E1D2
Albuquerque,New Mexico,NM,35.084,-106.651,595D36,E1DECB
Tucson,Arizona,AZ,32.223,-110.975,3F373C,E5D4C4
Fresno,California,CA,36.739,-119.785,705542,B0C1C8
Sacramento,California,CA,38.581,-121.494,25320B,F7C8A1
Mesa,Arizona,AZ,33.415,-111.831,7C2647,D0ACB3
Atlanta,Georgia,GA,33.749,-84.39,,
Kansas City,Missouri,MO,39.1,-94.578,,
Colorado Springs,Colorado,CO,38.834,-104.825,22469E,F8F6FF
Omaha,Nebraska,NE,41.259,-95.938,6D8B1B,BED6DA
Raleigh,North Carolina,NC,35.78,-78.639,1AA2F8,DFF1FB
Miami,Florida,FL,25.774,-80.194,80B4DC,FAD5E6
Virginia Beach,Virginia,VA,36.85,-75.976,77A1CB,DDC6C6
Long Beach,California,CA,33.769,-118.192,#094480,E0EDFD
Oakland,California,CA,37.804,-122.271,535831,ECE0B9
Minneapolis,Minnesota,MN,44.977,-93.265,88727E,D7CDCE
Bakersfield,California,CA,35.374,-119.019,5E6A46,E5E6E1
Tulsa,Oklahoma,OK,36.156,-95.993,2C3B40,E3E2E7
Tampa,Florida,FL,27.948,-82.458,F4842E,EFE5D9
Arlington,Texas,TX,32.736,-97.107,,
Wichita,Kansas,KS,37.692,-97.338,#422E11,F4E3C6
Aurora,Colorado,CO,39.741,-104.831,323936,ECE4D1
New Orleans,Louisiana,LA,29.976,-90.078,,
Cleveland,Ohio,OH,41.5,-81.694,4A3437,E1C19D
Honolulu,Hawaii,HI,21.305,-157.856,45A4A8,F0D9A6
Anaheim,California,CA,33.835,-117.912,354D72,EDE3EC
Henderson,Nevada,NV,36.032,-114.982,4F6189,E0C4C0
Orlando,Florida,FL,28.542,-81.379,#003858,EBF3F5
Lexington,Kentucky,KY,38.046,-84.497,5D2B12,D5B8A6
Stockton,California,CA,37.958,-121.291,6A523F,C2BAAF
Riverside,California,CA,33.982,-117.374,56371F,D8D3C9
Corpus Christi,Texas,TX,27.764,-97.403,4A4F6F,D3DAE4
Irvine,California,CA,33.686,-117.826,,
Cincinnati,Ohio,OH,39.101,-84.512,151A1D,C66845
Santa Ana,California,CA,33.749,-117.873,,
Newark,New Jersey,NJ,40.736,-74.172,3C341A,FAF4E6
St. Paul,Minnesota,MN,44.95,-93.093,9B8A9C,DCD7C1
Pittsburgh,Pennsylvania,PA,40.442,-79.99,,
Greensboro,North Carolina,NC,36.073,-79.792,1E2E3E,DEBBA0
Durham,North Carolina,NC,35.997,-78.902,,
Lincoln,Nebraska,NE,40.809,-96.708,25A3CA,FCF1DB
Jersey City,New Jersey,NJ,40.722,-74.047,61808D,F3F5E7
Plano,Texas,TX,33.014,-96.693,474460,FCDFCD
Anchorage,Alaska,AK,61.216,-149.895,,
North Las Vegas,Nevada,NV,36.201,-115.122,714F4D,FEF6EA
St. Louis,Missouri,MO,38.628,-90.191,C67E73,F2F1ED
Madison,Wisconsin,WI,43.075,-89.384,,
Chandler,Arizona,AZ,33.306,-111.841,403B35,DAD7C6
Gilbert,Arizona,AZ,33.353,-111.789,392112,FEF4EB
Reno,Nevada,NV,39.526,-119.813,,
Buffalo,New York,NY,42.887,-78.878,94C8F7,F3F4F9
Chula Vista,California,CA,32.64,-117.084,7C7085,F2D2CB
Fort Wayne,Indiana,IN,41.08,-85.139,2A3A61,FDF6EC
Lubbock,Texas,TX,33.586,-101.847,9B1732,FEFDFC
Toledo,Ohio,OH,41.653,-83.538,303948,F2FDFB
St. Petersburg,Florida,FL,27.77,-82.636,C3B689,D1EAFE
Laredo,Texas,TX,27.508,-99.507,323615,D0C7BE
Irving,Texas,TX,32.83,-96.944,,
Chesapeake,Virginia,VA,36.717,-76.249,,
Glendale,Arizona,AZ,33.539,-112.186,,
Winston-Salem,North Carolina,NC,36.1,-80.244,2E421C,E4DDD6
Port St. Lucie,Florida,FL,27.294,-80.35,,
Scottsdale,Arizona,AZ,33.494,-111.926,,
Garland,Texas,TX,32.913,-96.639,,
Boise,Idaho,ID,43.617,-116.201,,
Norfolk,Virginia,VA,36.849,-76.29,,
Spokane,Washington,WA,47.657,-117.424,,
Richmond,Virginia,VA,37.539,-77.434,25346C,EDEBED
Fremont,California,CA,37.548,-121.989,,
Huntsville,Alabama,AL,34.73,-86.586,,
Baton Rouge,Louisiana,LA,30.449,-91.187,854800,EDC78E
Des Moines,Iowa,IA,41.587,-93.625,1D2C33,A9B8BF
Salt Lake City,Utah,UT,40.76,-111.887,C57449,FEE0BA
Worcester,Massachusetts,MA,42.263,-71.802,,
Sioux Falls,South Dakota,SD,43.548,-96.729,,
Little Rock,Arkansas,AR,34.747,-92.29,48462F,F5F4E2
Tallahassee,Florida,FL,30.438,-84.281,,
Columbus,Georgia,GA,32.461,-84.988,,
Montgomery,Alabama,AL,32.377,-86.309,,
Providence,Rhode Island,RI,41.824,-71.413,45443E,E9EEEE
Salem,Oregon,OR,44.939,-123.033,37371F,FAEFD5
Charleston,South Carolina,SC,32.788,-79.94,,
Bridgeport,Connecticut,CT,41.179,-73.189,2F649C,BFDCEE
Jackson,Mississippi,MS,32.3,-90.183,,
Columbia,South Carolina,SC,34.001,-81.035,,
Cedar Rapids,Iowa,IA,41.976,-91.67,606A59,F1EEE5
Meridian,Idaho,ID,43.609,-116.392,2D575C,D4CCBD
West Valley City,Utah,UT,40.697,-111.987,838196,FAFAF6
Fargo,North Dakota,ND,46.877,-96.79,,
Topeka,Kansas,KS,39.049,-95.678,77695F,F5EED9
Billings,Montana,MT,45.787,-108.496,,
Hartford,Connecticut,CT,41.765,-72.691,1E2F36,EDE1DB
Manchester,New Hampshire,NH,42.996,-71.455,5C2F44,F4F5FA
Springfield,Illinois,IL,39.799,-89.644,87ABDD,F6F6F5
Lansing,Michigan,MI,42.734,-84.555,#045351,EEEDEB
Fayetteville,Arkansas,AR,36.063,-94.157,11161B,DA9EA9
Albany,New York,NY,42.651,-73.755,,
Trenton,New Jersey,NJ,40.22,-74.766,6F6856,ECE9E0
Santa Fe,New Mexico,NM,35.688,-105.938,,
Warwick,Rhode Island,RI,41.699,-71.459,00386F,F4DDBD
Bismarck,North Dakota,ND,46.808,-100.784,,
Gulfport,Mississippi,MS,30.367,-89.093,,
Wilmington,Delaware,DE,39.746,-75.547,ECC94D,297FB7
Portland,Maine,ME,43.657,-70.259,7B3724,C9DCEA
Cheyenne,Wyoming,WY,41.14,-104.82,D2964D,D3CFBD
Casper,Wyoming,WY,42.85,-106.325,764347,B8AEB4
Carson City,Nevada,NV,39.166,-119.767,,
Olympia,Washington,WA,47.045,-122.895,314B32,DBCDC4
Harrisburg,Pennsylvania,PA,40.266,-76.886,,
Hilo,Hawaii,HI,19.707,-155.082,,
Charleston,West Virginia,WV,38.351,-81.633,,
Huntington,West Virginia,WV,38.419,-82.445,46581C,EFEEEA
Concord,New Hampshire,NH,43.207,-71.537,2C2E0A,8CBABF
Burlington,Vermont,VT,44.476,-73.213,005F26,E9EAE2
Jefferson City,Missouri,MO,38.577,-92.172,2E3E56,CFD6DE
Annapolis,Maryland,MD,38.979,-76.493,4B709A,E8E9E3
Dover,Delaware,DE,39.158,-75.524,34261E,F5F5F5
Helena,Montana,MT,46.593,-112.036,,
Juneau,Alaska,AK,58.302,-134.42,,
Frankfort,Kentucky,KY,38.201,-84.873,,
Augusta,Maine,ME,44.317,-69.773,8A9787,F2F2F4
Pierre,South Dakota,SD,44.368,-100.351,,
Montpelier,Vermont,VT,44.26,-72.575,,